{"count":1,"self":614.5993728,"total":615.88793049999992,"children":{"InitializeActuators":{"count":4,"self":0.0019494999999999998,"total":0.0019494999999999998,"children":null},"InitializeSensors":{"count":4,"self":0.00099739999999999985,"total":0.00099739999999999985,"children":null},"AgentSendState":{"count":22045,"self":0.19205039999999998,"total":0.5127169,"children":{"CollectObservations":{"count":17636,"self":0.1578317,"total":0.1578317,"children":null},"WriteActionMask":{"count":17636,"self":0.018435399999999998,"total":0.018435399999999998,"children":null},"RequestDecision":{"count":17636,"self":0.14439939999999998,"total":0.14439939999999998,"children":null}}},"DecideAction":{"count":22045,"self":0.24493779999999998,"total":0.24493779999999998,"children":null},"AgentAct":{"count":22045,"self":0.5279347,"total":0.5279347,"children":null}},"gauges":{"Bedminton.CumulativeReward":{"count":16,"max":0,"min":0,"runningAverage":0,"value":0,"weightedAverage":0}},"metadata":{"timer_format_version":"0.1.0","start_time_seconds":"1616680339","unity_version":"2019.4.21f1c1","command_line_arguments":"C:\\Program Files\\Unity\\Hub\\Editor\\2019.4.21f1c1\\Editor\\Unity.exe -projectpath D:\/UNITY_PROJECT\/Bedminton -useHub -hubIPC -cloudEnvironment production -hubSessionId bb384ce0-8d19-11eb-84f3-8b41f00f8ed2 -accessToken -grzqiT8YGnt3xVNdVmB_H9LV1-faCk4KGhZmairHX800bf","communication_protocol_version":"1.4.0","com.unity.ml-agents_version":"1.8.0-preview","scene_name":"New Scene","end_time_seconds":"1616680955"}}