{"count":1,"self":274.109696,"total":1931.5665915999998,"children":{"InitializeActuators":{"count":64,"self":0.0029833999999999998,"total":0.0029833999999999998,"children":null},"InitializeSensors":{"count":64,"self":0.0009972,"total":0.0009972,"children":null},"AgentSendState":{"count":208834,"self":12.5062424,"total":123.4618785,"children":{"CollectObservations":{"count":2673408,"self":21.8692752,"total":21.869275599999998,"children":null},"WriteActionMask":{"count":2673408,"self":2.5350372,"total":2.5350372,"children":null},"RequestDecision":{"count":2673408,"self":9.5386031999999989,"total":86.551323,"children":{"AgentInfo.ToProto":{"count":2673408,"self":6.744288,"total":77.01272019999999,"children":{"GenerateSensorData":{"count":2673408,"self":70.2684352,"total":70.2684326,"children":null}}}}}}},"DecideAction":{"count":208834,"self":1353.509888,"total":1353.5098752,"children":null},"AgentAct":{"count":208834,"self":177.10316799999998,"total":177.1031724,"children":null},"AgentInfo.ToProto":{"count":101584,"self":0.4409933,"total":3.3779831,"children":{"GenerateSensorData":{"count":101584,"self":2.9369897999999997,"total":2.9369897999999997,"children":null}}}},"gauges":{"Bedminton.CumulativeReward":{"count":101584,"max":0.9328124,"min":-3.780239,"runningAverage":0.118950993,"value":-0.05999996,"weightedAverage":0.09215473}},"metadata":{"timer_format_version":"0.1.0","start_time_seconds":"1618020406","unity_version":"2019.4.21f1c1","command_line_arguments":"C:\\Program Files\\Unity\\Hub\\Editor\\2019.4.21f1c1\\Editor\\Unity.exe -projectpath D:\/UNITY_PROJECT\/Bedminton -useHub -hubIPC -cloudEnvironment production -hubSessionId f134b470-993d-11eb-86fb-b5b917023b42 -accessToken psB_Wd32R_fZLcS4_Me6Q2lhWbCSP7Q-DZhnzJ4g9Do00bf","communication_protocol_version":"1.4.0","com.unity.ml-agents_version":"1.8.0-preview","scene_name":"SampleScene","end_time_seconds":"1618022337"}}