{"count":1,"self":286.65973759999997,"total":2895.5165994999998,"children":{"InitializeActuators":{"count":32,"self":0.0019952999999999998,"total":0.0019952999999999998,"children":null},"InitializeSensors":{"count":32,"self":0.0009966,"total":0.0009966,"children":null},"AgentSendState":{"count":474417,"self":14.323788799999999,"total":68.7462567,"children":{"CollectObservations":{"count":3036288,"self":17.208056,"total":17.208055299999998,"children":null},"WriteActionMask":{"count":3036288,"self":4.7592387999999994,"total":4.7592389,"children":null},"RequestDecision":{"count":3036288,"self":10.4625936,"total":32.4551739,"children":{"AgentInfo.ToProto":{"count":3036288,"self":8.9898264,"total":21.992580099999998,"children":{"GenerateSensorData":{"count":3036288,"self":13.0027536,"total":13.0027537,"children":null}}}}}}},"DecideAction":{"count":474417,"self":2485.0096128,"total":2485.0095251,"children":null},"AgentAct":{"count":474417,"self":54.6265024,"total":54.626500799999995,"children":null},"AgentInfo.ToProto":{"count":29276,"self":0.2222843,"total":0.47060169999999996,"children":{"GenerateSensorData":{"count":29276,"self":0.2483174,"total":0.2483174,"children":null}}}},"gauges":{"Bedminton.CumulativeReward":{"count":29276,"max":17.8,"min":-0.4,"runningAverage":1.949214,"value":1.4,"weightedAverage":1.4397999}},"metadata":{"timer_format_version":"0.1.0","start_time_seconds":"1618151218","unity_version":"2019.4.21f1c1","command_line_arguments":"C:\\Program Files\\Unity\\Hub\\Editor\\2019.4.21f1c1\\Editor\\Unity.exe -projectpath D:\/UNITY_PROJECT\/Bedminton -useHub -hubIPC -cloudEnvironment production -hubSessionId f766f220-9ab1-11eb-8e35-999e19604f78 -accessToken Oztmt1o9z9YQn-RU6BVj3cJTrMD1i2omdCQd9WMwxSc00bf","communication_protocol_version":"1.4.0","com.unity.ml-agents_version":"1.8.0-preview","scene_name":"SampleScene","end_time_seconds":"1618154114"}}