{"count":1,"self":4.5229311999999995,"total":29.5703671,"children":{"InitializeActuators":{"count":64,"self":0.0019939,"total":0.0019939,"children":null},"InitializeSensors":{"count":64,"self":0.0019954,"total":0.0019954,"children":null},"AgentSendState":{"count":3251,"self":0.199907,"total":1.9300971,"children":{"CollectObservations":{"count":41664,"self":0.33459679999999997,"total":0.33459679999999997,"children":null},"WriteActionMask":{"count":41664,"self":0.044901699999999996,"total":0.044901699999999996,"children":null},"RequestDecision":{"count":41664,"self":0.146912,"total":1.3506916,"children":{"AgentInfo.ToProto":{"count":41664,"self":0.11354199999999999,"total":1.2037795999999998,"children":{"GenerateSensorData":{"count":41664,"self":1.0902376,"total":1.0902376,"children":null}}}}}}},"DecideAction":{"count":3251,"self":22.2240896,"total":22.2240897,"children":null},"AgentAct":{"count":3251,"self":0.7785532,"total":0.7785532,"children":null},"AgentInfo.ToProto":{"count":3696,"self":0.018947099999999998,"total":0.11070669999999999,"children":{"GenerateSensorData":{"count":3696,"self":0.0917596,"total":0.0917596,"children":null}}}},"gauges":{"Bedminton.CumulativeReward":{"count":3696,"max":2.00594854,"min":-3.424897,"runningAverage":-0.07626302,"value":0.305001229,"weightedAverage":-0.03249266}},"metadata":{"timer_format_version":"0.1.0","start_time_seconds":"1617983598","unity_version":"2019.4.21f1c1","command_line_arguments":"C:\\Program Files\\Unity\\Hub\\Editor\\2019.4.21f1c1\\Editor\\Unity.exe -projectpath D:\/UNITY_PROJECT\/Bedminton -useHub -hubIPC -cloudEnvironment production -hubSessionId f134b470-993d-11eb-86fb-b5b917023b42 -accessToken psB_Wd32R_fZLcS4_Me6Q2lhWbCSP7Q-DZhnzJ4g9Do00bf","communication_protocol_version":"1.4.0","com.unity.ml-agents_version":"1.8.0-preview","scene_name":"SampleScene","end_time_seconds":"1617983627"}}