{"count":1,"self":891.385856,"total":2274.8131553999997,"children":{"InitializeActuators":{"count":64,"self":0.0009966,"total":0.0009966,"children":null},"InitializeSensors":{"count":64,"self":0.00096999999999999994,"total":0.00096999999999999994,"children":null},"AgentSendState":{"count":160501,"self":8.8691168,"total":86.6256835,"children":{"CollectObservations":{"count":2054592,"self":15.4364464,"total":15.4364463,"children":null},"WriteActionMask":{"count":2054592,"self":1.8055344,"total":1.8055344,"children":null},"RequestDecision":{"count":2054592,"self":6.6544048,"total":60.514586099999995,"children":{"AgentInfo.ToProto":{"count":2054592,"self":4.9512744,"total":53.8601811,"children":{"GenerateSensorData":{"count":2054592,"self":48.9089056,"total":48.908906599999995,"children":null}}}}}}},"DecideAction":{"count":160501,"self":1016.264192,"total":1016.2641501999999,"children":null},"AgentAct":{"count":160501,"self":275.9749632,"total":275.97497549999997,"children":null},"AgentInfo.ToProto":{"count":143804,"self":0.6112927,"total":4.5605471999999994,"children":{"GenerateSensorData":{"count":143804,"self":3.9492543999999996,"total":3.9492545,"children":null}}}},"gauges":{"Bedminton.CumulativeReward":{"count":143804,"max":1.43989384,"min":-5.789917,"runningAverage":-0.0275736582,"value":0,"weightedAverage":0.07456851}},"metadata":{"timer_format_version":"0.1.0","start_time_seconds":"1618027008","unity_version":"2019.4.21f1c1","command_line_arguments":"C:\\Program Files\\Unity\\Hub\\Editor\\2019.4.21f1c1\\Editor\\Unity.exe -projectpath D:\/UNITY_PROJECT\/Bedminton -useHub -hubIPC -cloudEnvironment production -hubSessionId f134b470-993d-11eb-86fb-b5b917023b42 -accessToken psB_Wd32R_fZLcS4_Me6Q2lhWbCSP7Q-DZhnzJ4g9Do00bf","communication_protocol_version":"1.4.0","com.unity.ml-agents_version":"1.8.0-preview","scene_name":"SampleScene","end_time_seconds":"1618029283"}}