{"count":1,"self":235.5049728,"total":2047.1130142999998,"children":{"InitializeActuators":{"count":64,"self":0.0020196999999999997,"total":0.0020196999999999997,"children":null},"InitializeSensors":{"count":64,"self":0.0009973,"total":0.0009973,"children":null},"AgentSendState":{"count":233334,"self":13.4589296,"total":136.5621328,"children":{"CollectObservations":{"count":2986880,"self":22.953947199999998,"total":22.9539471,"children":null},"WriteActionMask":{"count":2986880,"self":2.685994,"total":2.6859941,"children":null},"RequestDecision":{"count":2986880,"self":10.1503848,"total":97.463262399999991,"children":{"AgentInfo.ToProto":{"count":2986880,"self":6.9076032,"total":87.312877399999991,"children":{"GenerateSensorData":{"count":2986880,"self":80.4052736,"total":80.4052742,"children":null}}}}}}},"DecideAction":{"count":233334,"self":1614.078976,"total":1614.0789991,"children":null},"AgentAct":{"count":233334,"self":52.178959999999996,"total":52.1789588,"children":null},"AgentInfo.ToProto":{"count":257940,"self":1.1153773999999999,"total":8.7839435999999989,"children":{"GenerateSensorData":{"count":257940,"self":7.6685664,"total":7.6685662,"children":null}}}},"gauges":{"Bedminton.CumulativeReward":{"count":257940,"max":4.70866871,"min":-5.291973,"runningAverage":1.15426135,"value":2,"weightedAverage":1.50302422}},"metadata":{"timer_format_version":"0.1.0","start_time_seconds":"1617981276","unity_version":"2019.4.21f1c1","command_line_arguments":"C:\\Program Files\\Unity\\Hub\\Editor\\2019.4.21f1c1\\Editor\\Unity.exe -projectpath D:\/UNITY_PROJECT\/Bedminton -useHub -hubIPC -cloudEnvironment production -hubSessionId f134b470-993d-11eb-86fb-b5b917023b42 -accessToken psB_Wd32R_fZLcS4_Me6Q2lhWbCSP7Q-DZhnzJ4g9Do00bf","communication_protocol_version":"1.4.0","com.unity.ml-agents_version":"1.8.0-preview","scene_name":"SampleScene","end_time_seconds":"1617983323"}}