{"count":1,"self":65.3166784,"total":71.5152616,"children":{"InitializeActuators":{"count":4,"self":0.0026531,"total":0.0026531,"children":null},"InitializeSensors":{"count":4,"self":0.0010106,"total":0.0010106,"children":null},"AgentSendState":{"count":1001,"self":0.0090087999999999991,"total":0.0458762,"children":{"CollectObservations":{"count":804,"self":0.0049578,"total":0.0049578,"children":null},"WriteActionMask":{"count":804,"self":0.0009973,"total":0.0009973,"children":null},"RequestDecision":{"count":804,"self":0.0069714,"total":0.0309123,"children":{"AgentInfo.ToProto":{"count":804,"self":0.0030204999999999997,"total":0.023940899999999998,"children":{"GenerateSensorData":{"count":804,"self":0.0209204,"total":0.0209204,"children":null}}}}}}},"DecideAction":{"count":1001,"self":6.1194011999999995,"total":6.1194011999999995,"children":null},"AgentAct":{"count":1001,"self":0.027679099999999998,"total":0.027679099999999998,"children":null},"AgentInfo.ToProto":{"count":68,"self":0.0009973,"total":0.0019638999999999998,"children":{"GenerateSensorData":{"count":68,"self":0.0009666,"total":0.0009666,"children":null}}}},"gauges":{"Bedminton.CumulativeReward":{"count":68,"max":0.914814353,"min":-1.42499781,"runningAverage":-0.193723023,"value":-1.09691083,"weightedAverage":-0.277739376}},"metadata":{"timer_format_version":"0.1.0","start_time_seconds":"1616811344","unity_version":"2019.4.21f1c1","command_line_arguments":"C:\\Program Files\\Unity\\Hub\\Editor\\2019.4.21f1c1\\Editor\\Unity.exe -projectpath D:\/UNITY_PROJECT\/Bedminton -useHub -hubIPC -cloudEnvironment production -hubSessionId 99df9400-8e26-11eb-9e82-612874eec5c3 -accessToken IwCu4zfLcHG4B7ghi4Vg69tcr2k192DT-UoE0tjU7XA00bf","communication_protocol_version":"1.4.0","com.unity.ml-agents_version":"1.8.0-preview","scene_name":"SampleScene","end_time_seconds":"1616811415"}}