{"count":1,"self":11936.632012799999,"total":53456.0787716,"children":{"InitializeActuators":{"count":64,"self":0.0020218,"total":0.0020218,"children":null},"InitializeSensors":{"count":64,"self":0.0019974,"total":0.0019974,"children":null},"AgentSendState":{"count":6712918,"self":408.28997119999997,"total":3869.3396463,"children":{"CollectObservations":{"count":85930560,"self":684.8508416,"total":684.8508531,"children":null},"WriteActionMask":{"count":85930560,"self":85.7620544,"total":85.762054999999989,"children":null},"RequestDecision":{"count":85930560,"self":296.206976,"total":2690.4367789999997,"children":{"AgentInfo.ToProto":{"count":85930560,"self":212.062336,"total":2394.2297994,"children":{"GenerateSensorData":{"count":85930560,"self":2182.167552,"total":2182.1674648,"children":null}}}}}}},"DecideAction":{"count":6712918,"self":36134.0174336,"total":36134.0184036,"children":null},"AgentAct":{"count":6712918,"self":1393.9909632,"total":1393.9919872,"children":{"AgentInfo.ToProto":{"count":4,"self":0,"total":0.0009973,"children":{"GenerateSensorData":{"count":4,"self":0.0009973,"total":0.0009973,"children":null}}}}},"AgentInfo.ToProto":{"count":3593344,"self":17.554838399999998,"total":122.07762679999999,"children":{"GenerateSensorData":{"count":3593344,"self":104.52279039999999,"total":104.52278849999999,"children":null}}}},"gauges":{"Bedminton.CumulativeReward":{"count":3593348,"max":8.187765,"min":-8.748298,"runningAverage":1.34598708,"value":2,"weightedAverage":1.47187555}},"metadata":{"timer_format_version":"0.1.0","start_time_seconds":"1616931077","unity_version":"2019.4.21f1c1","command_line_arguments":"C:\\Program Files\\Unity\\Hub\\Editor\\2019.4.21f1c1\\Editor\\Unity.exe -projectpath D:\/UNITY_PROJECT\/Bedminton -useHub -hubIPC -cloudEnvironment production -hubSessionId af5741a0-8f7c-11eb-b9bc-37cd63f086af -accessToken uH1Dst-SONG1urGz1RGSC7BRqb6o4g-gBX6n00dmEcU00bf","communication_protocol_version":"1.4.0","com.unity.ml-agents_version":"1.8.0-preview","scene_name":"SampleScene","end_time_seconds":"1616984523"}}