{"count":1,"self":327.30549759999997,"total":2621.3884912,"children":{"InitializeActuators":{"count":64,"self":0.00099739999999999985,"total":0.00099739999999999985,"children":null},"InitializeSensors":{"count":64,"self":0.0009977,"total":0.0009977,"children":null},"AgentSendState":{"count":233417,"self":16.316454399999998,"total":155.2870323,"children":{"CollectObservations":{"count":2987968,"self":28.3470272,"total":28.347026099999997,"children":null},"WriteActionMask":{"count":2987968,"self":3.4260911999999997,"total":3.4260911999999997,"children":null},"RequestDecision":{"count":2987968,"self":12.3705488,"total":107.1974613,"children":{"AgentInfo.ToProto":{"count":2987968,"self":8.9740416,"total":94.8269127,"children":{"GenerateSensorData":{"count":2987968,"self":85.8528704,"total":85.852871499999992,"children":null}}}}}}},"DecideAction":{"count":233417,"self":1789.7207807999998,"total":1789.7206993,"children":null},"AgentAct":{"count":233417,"self":342.76974079999997,"total":342.76974359999997,"children":null},"AgentInfo.ToProto":{"count":162460,"self":0.9271307,"total":6.3035118999999993,"children":{"GenerateSensorData":{"count":162460,"self":5.3763812,"total":5.3763812,"children":null}}}},"gauges":{"Bedminton.CumulativeReward":{"count":162460,"max":1.25890827,"min":-5.8820076,"runningAverage":0.07973368,"value":0.993549764,"weightedAverage":0.428366929}},"metadata":{"timer_format_version":"0.1.0","start_time_seconds":"1618055004","unity_version":"2019.4.21f1c1","command_line_arguments":"C:\\Program Files\\Unity\\Hub\\Editor\\2019.4.21f1c1\\Editor\\Unity.exe -projectpath D:\/UNITY_PROJECT\/Bedminton -useHub -hubIPC -cloudEnvironment production -hubSessionId 7866b4a0-99d6-11eb-bd9d-3ba90cefddd7 -accessToken u657jGC1uWN4Uw1qo4z-A3cb1XrTtX2u8R9XKmoVjMc00bf","communication_protocol_version":"1.4.0","com.unity.ml-agents_version":"1.8.0-preview","scene_name":"SampleScene","end_time_seconds":"1618057625"}}