{"count":1,"self":342.1754368,"total":2532.2862523,"children":{"InitializeActuators":{"count":64,"self":0.0029925999999999998,"total":0.0029925999999999998,"children":null},"InitializeSensors":{"count":64,"self":0.0009971,"total":0.0009971,"children":null},"AgentSendState":{"count":310584,"self":17.7836496,"total":193.1573444,"children":{"CollectObservations":{"count":3975744,"self":30.7047872,"total":30.704788399999998,"children":null},"WriteActionMask":{"count":3975744,"self":3.8318215999999996,"total":3.8318214,"children":null},"RequestDecision":{"count":3975744,"self":13.448039999999999,"total":140.8370851,"children":{"AgentInfo.ToProto":{"count":3975744,"self":9.615392,"total":127.3890447,"children":{"GenerateSensorData":{"count":3975744,"self":117.77365759999999,"total":117.77365289999999,"children":null}}}}}}},"DecideAction":{"count":310584,"self":1919.6741631999998,"total":1919.6740912,"children":null},"AgentAct":{"count":310584,"self":66.0334976,"total":66.0334991,"children":null},"AgentInfo.ToProto":{"count":346560,"self":1.5460136999999998,"total":11.2418842,"children":{"GenerateSensorData":{"count":346560,"self":9.6958704,"total":9.6958705,"children":null}}}},"gauges":{"Bedminton.CumulativeReward":{"count":346560,"max":5.92100239,"min":-0.91900444,"runningAverage":1.28872633,"value":0.622789562,"weightedAverage":1.06140947}},"metadata":{"timer_format_version":"0.1.0","start_time_seconds":"1616917621","unity_version":"2019.4.21f1c1","command_line_arguments":"C:\\Program Files\\Unity\\Hub\\Editor\\2019.4.21f1c1\\Editor\\Unity.exe -projectpath D:\/UNITY_PROJECT\/Bedminton -useHub -hubIPC -cloudEnvironment production -hubSessionId af5741a0-8f7c-11eb-b9bc-37cd63f086af -accessToken uH1Dst-SONG1urGz1RGSC7BRqb6o4g-gBX6n00dmEcU00bf","communication_protocol_version":"1.4.0","com.unity.ml-agents_version":"1.8.0-preview","scene_name":"SampleScene","end_time_seconds":"1616920153"}}