{"count":1,"self":365.2165888,"total":4055.1224582,"children":{"InitializeActuators":{"count":64,"self":0.0019944999999999997,"total":0.0019944999999999997,"children":null},"InitializeSensors":{"count":64,"self":0.0009977,"total":0.0009977,"children":null},"AgentSendState":{"count":192417,"self":16.808854399999998,"total":716.3306812,"children":{"CollectObservations":{"count":2462976,"self":36.0926976,"total":36.0926976,"children":null},"WriteActionMask":{"count":2462976,"self":6.0608407999999994,"total":6.0608409,"children":null},"RequestDecision":{"count":2462976,"self":13.0475576,"total":657.36828759999992,"children":{"AgentInfo.ToProto":{"count":2462976,"self":14.3489264,"total":644.3207298,"children":{"GenerateSensorData":{"count":2462976,"self":629.9718144,"total":629.9718027,"children":null}}}}}}},"DecideAction":{"count":192417,"self":2855.5931648,"total":2855.5931742999996,"children":null},"AgentAct":{"count":192417,"self":61.9937792,"total":61.9937762,"children":null},"AgentInfo.ToProto":{"count":198044,"self":1.650154,"total":55.985247199999996,"children":{"GenerateSensorData":{"count":198044,"self":54.3350912,"total":54.335093199999996,"children":null}}}},"gauges":{"Bedminton.CumulativeReward":{"count":198044,"max":0.8000001,"min":-4.140825,"runningAverage":0.00766611472,"value":0,"weightedAverage":0.029255826}},"metadata":{"timer_format_version":"0.1.0","start_time_seconds":"1620400110","unity_version":"2019.4.21f1c1","command_line_arguments":"C:\\Program Files\\Unity\\Hub\\Editor\\2019.4.21f1c1\\Editor\\Unity.exe -projectpath D:\/UNITY_PROJECT\/Bedminton -useHub -hubIPC -cloudEnvironment production -hubSessionId cc609ce0-af45-11eb-8bd5-c7b528723861 -accessToken HvH3TKom9E3lg013cPJD1VoqCbslIk-cFAPj8vlBaRc00bf","communication_protocol_version":"1.4.0","com.unity.ml-agents_version":"1.8.0-preview","scene_name":"SampleScene","end_time_seconds":"1620404165"}}