{
    "name": "root",
    "gauges": {
        "Bedminton.Policy.Entropy.mean": {
            "value": 4.046050548553467,
            "min": 4.045531272888184,
            "max": 4.046050548553467,
            "count": 2
        },
        "Bedminton.Policy.Entropy.sum": {
            "value": 81034.3046875,
            "min": 80926.8046875,
            "max": 81034.3046875,
            "count": 2
        },
        "Bedminton.Environment.EpisodeLength.mean": {
            "value": 9.86117136659436,
            "min": 9.86117136659436,
            "max": 9.943107221006565,
            "count": 2
        },
        "Bedminton.Environment.EpisodeLength.sum": {
            "value": 18184.0,
            "min": 18176.0,
            "max": 18184.0,
            "count": 2
        },
        "Bedminton.Self-play.ELO.mean": {
            "value": 1304.223096082883,
            "min": 1265.430364430694,
            "max": 1304.223096082883,
            "count": 2
        },
        "Bedminton.Self-play.ELO.sum": {
            "value": 1202493.6945884181,
            "min": 1156603.3530896544,
            "max": 1202493.6945884181,
            "count": 2
        },
        "Bedminton.Policy.ExtrinsicValueEstimate.mean": {
            "value": 0.45486557483673096,
            "min": 0.4340902864933014,
            "max": 0.45486557483673096,
            "count": 2
        },
        "Bedminton.Policy.ExtrinsicValueEstimate.sum": {
            "value": 418.9311828613281,
            "min": 396.3244323730469,
            "max": 418.9311828613281,
            "count": 2
        },
        "Bedminton.Environment.CumulativeReward.mean": {
            "value": 0.8098775059729005,
            "min": 0.8085916350470185,
            "max": 0.8098775059729005,
            "count": 2
        },
        "Bedminton.Environment.CumulativeReward.sum": {
            "value": 745.8971830010414,
            "min": 738.2441627979279,
            "max": 745.8971830010414,
            "count": 2
        },
        "Bedminton.Policy.ExtrinsicReward.mean": {
            "value": 0.8098775059729005,
            "min": 0.8085916350470185,
            "max": 0.8098775059729005,
            "count": 2
        },
        "Bedminton.Policy.ExtrinsicReward.sum": {
            "value": 745.8971830010414,
            "min": 738.2441627979279,
            "max": 745.8971830010414,
            "count": 2
        },
        "Bedminton.IsTraining.mean": {
            "value": 1.0,
            "min": 1.0,
            "max": 1.0,
            "count": 2
        },
        "Bedminton.IsTraining.sum": {
            "value": 1.0,
            "min": 1.0,
            "max": 1.0,
            "count": 2
        }
    },
    "metadata": {
        "timer_format_version": "0.1.0",
        "start_time_seconds": "1616745498",
        "python_version": "3.6.12 |Anaconda, Inc.| (default, Sep  9 2020, 00:29:25) [MSC v.1916 64 bit (AMD64)]",
        "command_line_arguments": "C:\\Users\\91566\\anaconda3\\envs\\ml-agents\\Scripts\\mlagents-learn Bedminton.yaml --run-id=test1 --time-scale=100",
        "mlagents_version": "0.24.0",
        "mlagents_envs_version": "0.24.0",
        "communication_protocol_version": "1.4.0",
        "pytorch_version": "1.8.0",
        "numpy_version": "1.19.2",
        "end_time_seconds": "1616745694"
    },
    "total": 195.5782692,
    "count": 1,
    "self": 0.004301399999974365,
    "children": {
        "run_training.setup": {
            "total": 0.2264764,
            "count": 1,
            "self": 0.2264764
        },
        "TrainerController.start_learning": {
            "total": 195.34749140000002,
            "count": 1,
            "self": 0.23473660000021823,
            "children": {
                "TrainerController._reset_env": {
                    "total": 14.636416800000001,
                    "count": 1,
                    "self": 14.636416800000001
                },
                "TrainerController.advance": {
                    "total": 180.28811979999983,
                    "count": 12938,
                    "self": 0.2204948999996077,
                    "children": {
                        "env_step": {
                            "total": 172.95492949999996,
                            "count": 12938,
                            "self": 72.93161959999989,
                            "children": {
                                "SubprocessEnvManager._take_step": {
                                    "total": 99.88851839999914,
                                    "count": 12938,
                                    "self": 1.339187500002211,
                                    "children": {
                                        "TorchPolicy.evaluate": {
                                            "total": 98.54933089999693,
                                            "count": 24110,
                                            "self": 23.202850199996817,
                                            "children": {
                                                "TorchPolicy.sample_actions": {
                                                    "total": 75.34648070000011,
                                                    "count": 24110,
                                                    "self": 75.34648070000011
                                                }
                                            }
                                        }
                                    }
                                },
                                "workers": {
                                    "total": 0.13479150000093298,
                                    "count": 12937,
                                    "self": 0.0,
                                    "children": {
                                        "worker_root": {
                                            "total": 183.84948439999957,
                                            "count": 12937,
                                            "is_parallel": true,
                                            "self": 123.93247980000001,
                                            "children": {
                                                "steps_from_proto": {
                                                    "total": 0.00047650000000000004,
                                                    "count": 2,
                                                    "is_parallel": true,
                                                    "self": 0.00023400000000000002,
                                                    "children": {
                                                        "_process_vector_observation": {
                                                            "total": 0.0002425,
                                                            "count": 4,
                                                            "is_parallel": true,
                                                            "self": 0.0002425
                                                        }
                                                    }
                                                },
                                                "UnityEnvironment.step": {
                                                    "total": 59.91652809999957,
                                                    "count": 12937,
                                                    "is_parallel": true,
                                                    "self": 1.1648717000028626,
                                                    "children": {
                                                        "UnityEnvironment._generate_step_input": {
                                                            "total": 1.1623035999976072,
                                                            "count": 12937,
                                                            "is_parallel": true,